<?xml version="1.0" encoding="UTF-8"?>
<project-private xmlns="http://www.netbeans.org/ns/project-private/1">
    <editor-bookmarks xmlns="http://www.netbeans.org/ns/editor-bookmarks/2" lastBookmarkId="0"/>
    <open-files xmlns="http://www.netbeans.org/ns/projectui-open-files/2">
        <group>
            <file>file:/home/fernando/NetBeansProjects/MethodAdapterCalculadora/src/methodadaptercalculadora/ResultadoOctal.java</file>
            <file>file:/home/fernando/NetBeansProjects/MethodAdapterCalculadora/src/methodadaptercalculadora/MethodAdapterCalculadora.java</file>
            <file>file:/home/fernando/NetBeansProjects/MethodAdapterCalculadora/src/methodadaptercalculadora/FXMLcalculadoraController.java</file>
            <file>file:/home/fernando/NetBeansProjects/MethodAdapterCalculadora/src/methodadaptercalculadora/FXMLcalculadora.fxml</file>
            <file>file:/home/fernando/NetBeansProjects/MethodAdapterCalculadora/src/methodadaptercalculadora/InterfaceAdapter.java</file>
            <file>file:/home/fernando/NetBeansProjects/MethodAdapterCalculadora/src/methodadaptercalculadora/ResultadoBinario.java</file>
            <file>file:/home/fernando/NetBeansProjects/MethodAdapterCalculadora/src/methodadaptercalculadora/ResultadoHexadecimal.java</file>
        </group>
    </open-files>
</project-private>
